interval_no,record_type,scale_no,interval_name,abbrev,type,parent_no,color,t_age,b_age,reference_no
751,int,1,Phanerozoic,,eon,,#9AD9DD,0,538.8,87596
1,int,1,Cenozoic,Cz,era,751,#F2F91D,0,66,87596
12,int,1,Quaternary,Q,period,1,#F9F97F,0,2.58,87596
32,int,1,Holocene,,epoch,12,#FEF2E0,0,0.0117,87596
1200,int,1,Meghalayan,,age,32,#FEF2E0,0,0.0042,87596
1201,int,1,Northgrippian,,age,32,#FEF2E0,0.0042,0.0082,87596
1202,int,1,Greenlandian,,age,32,#FEF2E0,0.0082,0.0117,87596
33,int,1,Pleistocene,Ple,epoch,12,#FFF2AE,0.0117,2.58,87596
922,int,1,Late Pleistocene,,age,33,#FFF2C7,0.0117,0.129,87596
1203,int,1,Chibanian,,age,33,#FFF2C7,0.129,0.774,87596
740,int,1,Calabrian,,age,33,#FFF2C7,0.774,1.8,87596
741,int,1,Gelasian,,age,33,#FFEDB3,1.8,2.58,87596
25,int,1,Neogene,Ng,period,1,#FFE619,2.58,23.03,87596
34,int,1,Pliocene,Pli,epoch,25,#FFFF99,2.58,5.333,87596
96,int,1,Piacenzian,,age,34,#FFFFBF,2.58,3.6,87596
97,int,1,Zanclean,,age,34,#FFFFB3,3.6,5.333,87596
35,int,1,Miocene,Mio,epoch,25,#FFFF00,5.333,23.03,87596
98,int,1,Messinian,,age,35,#FFFF73,5.333,7.246,87596
99,int,1,Tortonian,,age,35,#FFFF66,7.246,11.63,87596
100,int,1,Serravallian,,age,35,#FFFF59,11.63,13.82,87596
101,int,1,Langhian,,age,35,#FFFF4D,13.82,15.98,87596
102,int,1,Burdigalian,,age,35,#FFFF41,15.98,20.44,87596
103,int,1,Aquitanian,,age,35,#FFFF33,20.44,23.03,87596
26,int,1,Paleogene,Pg,period,1,#FD9A52,23.03,66,87596
36,int,1,Oligocene,Ol,epoch,26,#FDC07A,23.03,33.9,87596
104,int,1,Chattian,,age,36,#FEE6AA,23.03,27.82,87596
105,int,1,Rupelian,,age,36,#FED99A,27.82,33.9,87596
37,int,1,Eocene,Eo,epoch,26,#FDB46C,33.9,56,87596
106,int,1,Priabonian,,age,37,#FDCDA1,33.9,37.71,87596
107,int,1,Bartonian,,age,37,#FDC091,37.71,41.2,87596
108,int,1,Lutetian,,age,37,#FCB482,41.2,47.8,87596
109,int,1,Ypresian,,age,37,#FCA773,47.8,56,87596
38,int,1,Paleocene,Pal,epoch,26,#FDA75F,56,66,87596
110,int,1,Thanetian,,age,38,#FDBF6F,56,59.2,87596
743,int,1,Selandian,,age,38,#FEBF65,59.2,61.6,87596
111,int,1,Danian,,age,38,#FDB462,61.6,66,87596
2,int,1,Mesozoic,Mz,era,751,#67C5CA,66,251.902,87596
14,int,1,Cretaceous,K,period,2,#7FC64E,66,145,87596
39,int,1,Late Cretaceous,,epoch,14,#A6D84A,66,100.5,87596
112,int,1,Maastrichtian,,age,39,#F2FA8C,66,72.1,87596
113,int,1,Campanian,,age,39,#E6F47F,72.1,83.6,87596
114,int,1,Santonian,,age,39,#D9EF74,83.6,86.3,87596
115,int,1,Coniacian,,age,39,#CCE968,86.3,89.8,87596
116,int,1,Turonian,,age,39,#BFE35D,89.8,93.9,87596
117,int,1,Cenomanian,,age,39,#B3DE53,93.9,100.5,87596
40,int,1,Early Cretaceous,,epoch,14,#8CCD57,100.5,145,87596
118,int,1,Albian,,age,40,#CCEA97,100.5,113,87596
119,int,1,Aptian,,age,40,#BFE48A,113,121.4,87596
120,int,1,Barremian,,age,40,#B3DF7F,121.4,125.77,87596
121,int,1,Hauterivian,,age,40,#A6D975,125.77,132.6,87596
122,int,1,Valanginian,,age,40,#99D36A,132.6,139.8,87596
123,int,1,Berriasian,,age,40,#8CCD60,139.8,145,87596
15,int,1,Jurassic,J,period,2,#34B2C9,145,201.4,87596
41,int,1,Late Jurassic,,epoch,15,#B3E3EE,145,161.5,87596
124,int,1,Tithonian,,age,41,#D9F1F7,145,149.2,87596
125,int,1,Kimmeridgian,,age,41,#CCECF4,149.2,154.8,87596
126,int,1,Oxfordian,,age,41,#BFE7F1,154.8,161.5,87596
42,int,1,Middle Jurassic,,epoch,15,#80CFD8,161.5,174.7,87596
127,int,1,Callovian,,age,42,#BFE7E5,161.5,165.3,87596
128,int,1,Bathonian,,age,42,#B3E2E3,165.3,168.2,87596
129,int,1,Bajocian,,age,42,#A6DDE0,168.2,170.9,87596
130,int,1,Aalenian,,age,42,#9AD9DD,170.9,174.7,87596
43,int,1,Early Jurassic,,epoch,15,#42AED0,174.7,201.4,87596
131,int,1,Toarcian,,age,43,#99CEE3,174.7,184.2,87596
132,int,1,Pliensbachian,,age,43,#80C5DD,184.2,192.9,87596
133,int,1,Sinemurian,,age,43,#67BCD8,192.9,199.5,87596
134,int,1,Hettangian,,age,43,#4EB3D3,199.5,201.4,87596
16,int,1,Triassic,Tr,period,2,#812B92,201.4,251.902,87596
44,int,1,Late Triassic,,epoch,16,#BD8CC3,201.4,237,87596
135,int,1,Rhaetian,,age,44,#E3B9DB,201.4,208.5,87596
136,int,1,Norian,,age,44,#D6AAD3,208.5,227,87596
137,int,1,Carnian,,age,44,#C99BCB,227,237,87596
45,int,1,Middle Triassic,,epoch,16,#B168B1,237,247.2,87596
138,int,1,Ladinian,,age,45,#C983BF,237,242,87596
139,int,1,Anisian,,age,45,#BC75B7,242,247.2,87596
46,int,1,Early Triassic,,epoch,16,#983999,247.2,251.902,87596
652,int,1,Olenekian,,age,46,#B051A5,247.2,251.2,87596
653,int,1,Induan,,age,46,#A4469F,251.2,251.902,87596
3,int,1,Paleozoic,Pz,era,751,#99C08D,251.902,538.8,87596
17,int,1,Permian,P,period,3,#F04028,251.902,298.9,87596
771,int,1,Lopingian,,epoch,17,#FBA794,251.902,259.51,87596
715,int,1,Changhsingian,,age,771,#FCC0B2,251.902,254.14,87596
716,int,1,Wuchiapingian,,age,771,#FCB4A2,254.14,259.51,87596
772,int,1,Guadalupian,,epoch,17,#FB745C,259.51,273.01,87596
145,int,1,Capitanian,,age,772,#FB9A85,259.51,264.28,87596
146,int,1,Wordian,,age,772,#FB8D76,264.28,266.9,87596
717,int,1,Roadian,,age,772,#FB8069,266.9,273.01,87596
773,int,1,Cisuralian,,epoch,17,#EF5845,273.01,298.9,87596
148,int,1,Kungurian,,age,773,#E38776,273.01,283.5,87596
149,int,1,Artinskian,,age,773,#E37B68,283.5,290.1,87596
150,int,1,Sakmarian,,age,773,#E36F5C,290.1,293.52,87596
151,int,1,Asselian,,age,773,#E36350,293.52,298.9,87596
18,int,1,Carboniferous,C,period,3,#67A599,298.9,358.9,87596
27,int,1,Pennsylvanian,,epoch,18,#99C2B5,298.9,323.2,87596
49,int,1,Gzhelian,,age,27,#CCD4C7,298.9,303.7,87596
50,int,1,Kasimovian,,age,27,#BFD0C5,303.7,307,87596
51,int,1,Moscovian,,age,27,#C7CBB9,307,315.2,87596
52,int,1,Bashkirian,,age,27,#99C2B5,315.2,323.2,87596
28,int,1,Mississippian,,epoch,18,#678F66,323.2,358.9,87596
53,int,1,Serpukhovian,,age,28,#BFC26B,323.2,330.9,87596
54,int,1,Visean,,age,28,#A6B96C,330.9,346.7,87596
55,int,1,Tournaisian,,age,28,#8CB06C,346.7,358.9,87596
19,int,1,Devonian,D,period,3,#CB8C37,358.9,419.2,87596
56,int,1,Late Devonian,,epoch,19,#F1E19D,358.9,382.7,87596
177,int,1,Famennian,,age,56,#F2EDC5,358.9,372.2,87596
178,int,1,Frasnian,,age,56,#F2EDAD,372.2,382.7,87596
57,int,1,Middle Devonian,,epoch,19,#F1C868,382.7,393.3,87596
179,int,1,Givetian,,age,57,#F1E185,382.7,387.7,87596
180,int,1,Eifelian,,age,57,#F1D576,387.7,393.3,87596
58,int,1,Early Devonian,,epoch,19,#E5AC4D,393.3,419.2,87596
181,int,1,Emsian,,age,58,#E5D075,393.3,407.6,87596
182,int,1,Pragian,,age,58,#E5C468,407.6,410.8,87596
183,int,1,Lochkovian,,age,58,#E5B75A,410.8,419.2,87596
20,int,1,Silurian,S,period,3,#B3E1B6,419.2,443.8,87596
59,int,1,Pridoli,,epoch,20,#E6F5E1,419.2,423,87596
60,int,1,Ludlow,,epoch,20,#BFE6CF,423,427.4,87596
184,int,1,Ludfordian,,age,60,#D9F0DF,423,425.6,87596
185,int,1,Gorstian,,age,60,#CCECDD,425.6,427.4,87596
61,int,1,Wenlock,,epoch,20,#B3E1C2,427.4,433.4,87596
785,int,1,Homerian,,age,61,#CCEBD1,427.4,430.5,87596
188,int,1,Sheinwoodian,,age,61,#BFE6C3,430.5,433.4,87596
62,int,1,Llandovery,,epoch,20,#99D7B3,433.4,443.8,87596
189,int,1,Telychian,,age,62,#BFE6CF,433.4,438.5,87596
190,int,1,Aeronian,,age,62,#B3E1C2,438.5,440.8,87596
191,int,1,Rhuddanian,,age,62,#A6DCB5,440.8,443.8,87596
21,int,1,Ordovician,O,period,3,#009270,443.8,485.4,87596
29,int,1,Late Ordovician,,epoch,21,#7FCA93,443.8,458.4,87596
192,int,1,Hirnantian,,age,29,#A6DBAB,443.8,445.2,87596
1008,int,1,Katian,,age,29,#99D69F,445.2,453,87596
1009,int,1,Sandbian,,age,29,#8CD094,453,458.4,87596
30,int,1,Middle Ordovician,,epoch,21,#4DB47E,458.4,470,87596
556,int,1,Darriwilian,,age,30,#74C69C,458.4,467.3,87596
1079,int,1,Dapingian,,age,30,#66C092,467.3,470,87596
31,int,1,Early Ordovician,,epoch,21,#1A9D6F,470,485.4,87596
1010,int,1,Floian,,age,31,#41B087,470,477.7,87596
559,int,1,Tremadocian,,age,31,#33A97E,477.7,485.4,87596
22,int,1,Cambrian,Cm,period,3,#7FA056,485.4,538.8,87596
780,int,1,Furongian,,epoch,22,#B3E095,485.4,497,87596
1112,int,1,Stage 10,,age,780,#E6F5C9,485.4,489.5,87596
1113,int,1,Jiangshanian,,age,780,#D9F0BB,489.5,494,87596
1086,int,1,Paibian,,age,780,#CCEBAE,494,497,87596
1204,int,1,Miaolingian,,epoch,22,#A6CF86,497,509,87596
1087,int,1,Guzhangian,,age,1204,#CCDFAA,497,500.5,87596
1116,int,1,Drumian,,age,1204,#BFD99D,500.5,504.5,87596
1205,int,1,Wuliuan,,age,1204,#B3D492,504.5,509,87596
1110,int,1,Series 2,,epoch,22,#99C078,509,521,87596
1118,int,1,Stage 4,,age,1110,#B3CA8E,509,514,87596
1119,int,1,Stage 3,,age,1110,#A6C583,514,521,87596
1111,int,1,Terreneuvian,,epoch,22,#8CB06C,521,538.8,87596
1120,int,1,Stage 2,,age,1111,#A6BA80,521,529,87596
1121,int,1,Fortunian,,age,1111,#99B575,529,538.8,87596
752,int,1,Proterozoic,Ptz,eon,,#F73563,538.8,2500,87596
754,int,1,Neoproterozoic,Nptz,era,752,#FEB342,538.8,1000,87596
761,int,1,Ediacaran,E,period,754,#FED96A,538.8,635,87596
762,int,1,Cryogenian,Cr,period,754,#FECC5C,635,720,87596
763,int,1,Tonian,T,period,754,#FEBF4E,720,1000,87596
755,int,1,Mesoproterozoic,Mptz,era,752,#FDB462,1000,1600,87596
764,int,1,Stenian,St,period,755,#FED99A,1000,1200,87596
765,int,1,Ectasian,Ec,period,755,#F3CC8A,1200,1400,87596
766,int,1,Calymmian,Ca,period,755,#FDC07A,1400,1600,87596
756,int,1,Paleoproterozoic,Pptz,era,752,#F74370,1600,2500,87596
767,int,1,Statherian,St,period,756,#F875A7,1600,1800,87596
768,int,1,Orosirian,Or,period,756,#F76898,1800,2050,87596
769,int,1,Rhyacian,R,period,756,#F75B89,2050,2300,87596
770,int,1,Siderian,Sd,period,756,#F74F7C,2300,2500,87596
753,int,1,Archean,Arc,eon,,#F0047F,2500,4000,87596
757,int,1,Neoarchean,Narc,era,753,#F99BC1,2500,2800,87596
758,int,1,Mesoarchean,Marc,era,753,#F768A9,2800,3200,87596
759,int,1,Paleoarchean,Parc,era,753,#F444A9,3200,3600,87596
760,int,1,Eoarchean,Earc,era,753,#DA037F,3600,4000,87596
11,int,1,Hadean,,eon,,#A83A94,4000,4600,87596
922,int,2,Late Pleistocene,,subepoch,,,0.0117,0.129,5954
923,int,2,Middle Pleistocene,,subepoch,,,0.129,0.774,5954
924,int,2,Early Pleistocene,,subepoch,,,0.774,2.58,15443
81,int,2,Late Pliocene,,subepoch,,,2.58,3.6,5954
82,int,2,Early Pliocene,,subepoch,,,3.6,5.333,5954
83,int,2,Late Miocene,,subepoch,,,5.333,11.63,5954
84,int,2,Middle Miocene,,subepoch,,,11.63,15.98,5954
85,int,2,Early Miocene,,subepoch,,,15.98,23.03,5954
86,int,2,Late Oligocene,,subepoch,,,23.03,27.82,5954
87,int,2,Early Oligocene,,subepoch,,,27.82,33.9,5954
88,int,2,Late Eocene,,subepoch,,,33.9,37.71,5954
89,int,2,Middle Eocene,,subepoch,,,37.71,47.8,5954
90,int,2,Early Eocene,,subepoch,,,47.8,56,5954
91,int,2,Late Paleocene,,subepoch,,,56,59.2,5954
783,int,2,Middle Paleocene,,subepoch,,,59.2,61.6,5954
92,int,2,Early Paleocene,,subepoch,,,61.6,66,5954
13,int,9,Tertiary,,period,,,2.58,66,5954
144,int,9,Longtanian,,age,,,254.14,259.51,5954
1109,int,9,Series 3,,epoch,,,497,509,87596
1117,int,9,Stage 5,,age,,,504.5,509,87596
1400,int,10,Cenozoic 6,,bin,,,0,11.63,
1401,int,10,Cenozoic 5,,bin,,,11.63,23.03,
1402,int,10,Cenozoic 4,,bin,,,23.03,33.9,
1403,int,10,Cenozoic 3,,bin,,,33.9,41.2,
1404,int,10,Cenozoic 2,,bin,,,41.2,56,
1405,int,10,Cenozoic 1,,bin,,,56,66,
1406,int,10,Cretaceous 8,,bin,,,66,72.1,
1407,int,10,Cretaceous 7,,bin,,,72.1,83.6,
1408,int,10,Cretaceous 6,,bin,,,83.6,93.9,
1409,int,10,Cretaceous 5,,bin,,,93.9,100.5,
1410,int,10,Cretaceous 4,,bin,,,100.5,113,
1411,int,10,Cretaceous 3,,bin,,,113,121.4,
1412,int,10,Cretaceous 2,,bin,,,121.4,132.6,
1413,int,10,Cretaceous 1,,bin,,,132.6,145,
1414,int,10,Jurassic 6,,bin,,,145,149.2,
1415,int,10,Jurassic 5,,bin,,,149.2,165.3,
1416,int,10,Jurassic 4,,bin,,,165.3,170.9,
1417,int,10,Jurassic 3,,bin,,,170.9,184.2,
1418,int,10,Jurassic 2,,bin,,,184.2,192.9,
1419,int,10,Jurassic 1,,bin,,,192.9,201.4,
1420,int,10,Triassic 4,,bin,,,201.4,227,
1421,int,10,Triassic 3,,bin,,,227,237,
1422,int,10,Triassic 2,,bin,,,237,247.2,
1423,int,10,Triassic 1,,bin,,,247.2,251.902,
1424,int,10,Permian 4,,bin,,,251.902,266.9,
1425,int,10,Permian 3,,bin,,,266.9,273.01,
1426,int,10,Permian 2,,bin,,,273.01,293.52,
1427,int,10,Permian 1,,bin,,,293.52,298.9,
1428,int,10,Carboniferous 5,,bin,,,298.9,307,
1429,int,10,Carboniferous 4,,bin,,,307,323.2,
1430,int,10,Carboniferous 3,,bin,,,323.2,330.9,
1431,int,10,Carboniferous 2,,bin,,,330.9,346.7,
1432,int,10,Carboniferous 1,,bin,,,346.7,358.9,
1433,int,10,Devonian 5,,bin,,,358.9,372.2,
1434,int,10,Devonian 4,,bin,,,372.2,382.7,
1435,int,10,Devonian 3,,bin,,,382.7,393.3,
1436,int,10,Devonian 2,,bin,,,393.3,407.6,
1437,int,10,Devonian 1,,bin,,,407.6,419.2,
1438,int,10,Silurian 2,,bin,,,419.2,433.4,
1439,int,10,Silurian 1,,bin,,,433.4,443.8,
1440,int,10,Ordovician 5,,bin,,,443.8,453,
1441,int,10,Ordovician 4,,bin,,,453,458.4,
1442,int,10,Ordovician 3,,bin,,,458.4,467.3,
1443,int,10,Ordovician 2,,bin,,,467.3,477.7,
1444,int,10,Ordovician 1,,bin,,,477.7,485.4,
1445,int,10,Cambrian 5,,bin,,,485.4,497,
1446,int,10,Cambrian 4,,bin,,,497,504.5,
1447,int,10,Cambrian 3,,bin,,,504.5,514,
1448,int,10,Cambrian 2,,bin,,,514,529,
1449,int,10,Cambrian 1,,bin,,,529,538.8,
654,int,12,Late Maastrichtian,,subage,,,66,72.1,9098
655,int,12,Early Maastrichtian,,subage,,,66,72.1,9098
656,int,12,Late Campanian,,subage,,,72.1,83.6,9098
657,int,12,Middle Campanian,,subage,,,72.1,83.6,9098
658,int,12,Early Campanian,,subage,,,72.1,83.6,9098
659,int,12,Late Santonian,,subage,,,83.6,86.3,9098
660,int,12,Middle Santonian,,subage,,,83.6,86.3,9098
661,int,12,Early Santonian,,subage,,,83.6,86.3,9098
662,int,12,Late Coniacian,,subage,,,86.3,89.8,9098
663,int,12,Middle Coniacian,,subage,,,86.3,89.8,9098
664,int,12,Early Coniacian,,subage,,,86.3,89.8,9098
665,int,12,Late Turonian,,subage,,,89.8,93.9,9098
666,int,12,Middle Turonian,,subage,,,89.8,93.9,9098
667,int,12,Early Turonian,,subage,,,89.8,93.9,9098
668,int,12,Late Cenomanian,,subage,,,93.9,100.5,9098
669,int,12,Middle Cenomanian,,subage,,,93.9,100.5,9098
670,int,12,Early Cenomanian,,subage,,,93.9,100.5,9098
671,int,12,Late Albian,,subage,,,100.5,106.2,9098
672,int,12,Middle Albian,,subage,,,106.2,109.9,9098
673,int,12,Early Albian,,subage,,,109.9,113,9098
674,int,12,Late Aptian,,subage,,,113,119.5,9098
675,int,12,Early Aptian,,subage,,,119.5,121.4,9098
676,int,12,Late Barremian,,subage,,,121.4,125.77,9098
677,int,12,Early Barremian,,subage,,,121.4,125.77,9098
678,int,12,Late Hauterivian,,subage,,,125.77,132.6,9098
679,int,12,Early Hauterivian,,subage,,,125.77,132.6,9098
680,int,12,Late Valanginian,,subage,,,132.6,139.8,9098
681,int,12,Early Valanginian,,subage,,,132.6,139.8,9098
682,int,12,Late Berriasian,,subage,,,139.8,140.6,87642
683,int,12,Middle Berriasian,,subage,,,140.6,142.7,87642
684,int,12,Early Berriasian,,subage,,,142.7,145,87642
685,int,12,Late Tithonian,,subage,,,145,146.3,87642
686,int,12,Middle Tithonian,,subage,,,145,149.2,87642
687,int,12,Early Tithonian,,subage,,,146.3,149.2,87642
688,int,12,Late Kimmeridgian,,subage,,,149.2,152.2,87642
689,int,12,Early Kimmeridgian,,subage,,,152.2,154.8,87642
690,int,12,Late Oxfordian,,subage,,,154.8,157.9,87642
691,int,12,Middle Oxfordian,,subage,,,154.8,161.5,87642
692,int,12,Early Oxfordian,,subage,,,154.8,161.5,87642
483,int,12,Late Callovian,,subage,,,161.5,165.3,8933
484,int,12,Middle Callovian,,subage,,,161.5,165.3,8933
485,int,12,Early Callovian,,subage,,,161.5,165.3,8933
693,int,12,Late Bathonian,,subage,,,165.3,168.2,9098
694,int,12,Middle Bathonian,,subage,,,165.3,168.2,9098
695,int,12,Early Bathonian,,subage,,,165.3,168.2,9098
486,int,12,Late Bajocian,,subage,,,168.2,168.6,8933
487,int,12,Early Bajocian,,subage,,,168.6,170.9,8933
696,int,12,Late Aalenian,,subage,,,170.9,174.7,9098
697,int,12,Middle Aalenian,,subage,,,170.9,174.7,9098
698,int,12,Early Aalenian,,subage,,,170.9,174.7,9098
488,int,12,Late Toarcian,,subage,,,174.7,180.4,8933
489,int,12,Middle Toarcian,,subage,,,180.4,182.9,8933
490,int,12,Early Toarcian,,subage,,,182.9,184.2,8933
491,int,12,Late Pliensbachian,,subage,,,184.2,192.9,8933
492,int,12,Early Pliensbachian,,subage,,,184.2,192.9,8933
493,int,12,Late Sinemurian,,subage,,,192.9,199.5,8933
494,int,12,Early Sinemurian,,subage,,,192.9,199.5,8933
699,int,12,Late Hettangian,,subage,,,199.5,201.4,8933
700,int,12,Middle Hettangian,,subage,,,199.5,201.4,8933
701,int,12,Early Hettangian,,subage,,,199.5,201.4,8933
702,int,12,Sevatian,,subage,,,208.5,213.2,87642
703,int,12,Alaunian,,subage,,,213.2,216.7,87642
704,int,12,Lacian,,subage,,,216.7,227,87642
705,int,12,Tuvalian,,subage,,,227,233.4,87642
706,int,12,Julian,,subage,,,233.4,237,87642
707,int,12,Longobardian,,subage,,,237,239.7,87642
708,int,12,Fassanian,,subage,,,239.7,242,87642
709,int,12,Illyrian,,subage,,,242,243.8,87642
710,int,12,Pelsonian,,subage,,,243.8,244.7,87642
711,int,12,Bithynian,,subage,,,244.7,245.5,87642
712,int,12,Aegean,,subage,,,245.5,247.2,87642
140,int,12,Spathian,,subage,,,247.2,248.9,87642
713,int,12,Smithian,,subage,,,248.9,251.2,87642
714,int,12,Dienerian,,subage,,,251.2,251.4,87642
142,int,12,Griesbachian,,subage,,,251.4,251.902,87642
93,int,20,Senonian,,subepoch,,,66,100.5,5954
94,int,20,Gallic,,subepoch,,,100.5,125.77,5954
95,int,20,Neocomian,,subepoch,,,125.77,145,5954
774,int,23,Late Pennsylvanian,,subepoch,,,298.9,307,15443
775,int,23,Middle Pennsylvanian,,subepoch,,,307,315.2,15443
776,int,23,Early Pennsylvanian,,subepoch,,,315.2,323.2,15443
777,int,23,Late Mississippian,,subepoch,,,323.2,330.9,15443
778,int,23,Middle Mississippian,,subepoch,,,330.9,346.7,15443
779,int,23,Early Mississippian,,subepoch,,,346.7,358.9,15443
1068,int,26,Late Famennian,,subage,,,358.9,365.3,87642
1069,int,26,Middle Famennian,,subage,,,365.3,368.5,87642
1070,int,26,Early Famennian,,subage,,,368.5,372.2,87642
1071,int,26,Late Frasnian,,subage,,,372.2,375.4,87642
1072,int,26,Middle Frasnian,,subage,,,375.4,379.3,87642
1073,int,26,Early Frasnian,,subage,,,379.3,382.7,87642
1076,int,26,Late Givetian,,subage,,,382.7,383.7,87642
1077,int,26,Middle Givetian,,subage,,,383.7,385.9,87642
1078,int,26,Early Givetian,,subage,,,385.9,387.7,87642
1217,int,26,Late Eifelian,,subage,,,387.7,390.3,87642
1218,int,26,Early Eifelian,,subage,,,390.3,393.3,87642
1074,int,26,Late Emsian,,subage,,,393.3,398.3,87642
1075,int,26,Early Emsian,,subage,,,398.3,407.6,87642
182,int,26,Pragian,,subage,,,407.6,410.8,87642
1219,int,26,Late Lochkovian,,subage,,,410.8,412.8,87642
1220,int,26,Middle Lochkovian,,subage,,,412.8,415.6,87642
1221,int,26,Early Lochkovian,,subage,,,415.6,419.2,87642
1208,int,30,Late Cambrian,,epoch,,,485.4,497,15443
781,int,30,Middle Cambrian,,epoch,,,497,509,15443
782,int,30,Early Cambrian,,epoch,,,509,538.8,15443
288,int,50,Villanyian,,subage,,,2.58,3.1,8851
289,int,50,Ruscinian,,subage,,,3.1,5.333,8851
290,int,50,Turolian,,subage,,,5.333,8.7,8851
291,int,50,Vallesian,,subage,,,8.7,11.63,8851
292,int,50,Astaracian,,subage,,,11.63,15.98,8851
293,int,50,Orleanian,,subage,,,15.98,20,8851
294,int,50,Agenian,,subage,,,20,23.03,8851
295,int,51,MN 17,,zone,,,1.8,2.58,8851
296,int,51,MN 16,,zone,,,2.58,3.2,8851
297,int,51,MN 15,,zone,,,3.2,4.2,8851
298,int,51,MN 14,,zone,,,4.2,4.9,8851
299,int,51,MN 13,,zone,,,4.9,7.246,8851
300,int,51,MN 12,,zone,,,7.246,7.75,8851
301,int,51,MN 11,,zone,,,7.75,8.7,8851
302,int,51,MN 10,,zone,,,8.7,9.7,8851
303,int,51,MN 9,,zone,,,9.7,11.1,8851
304,int,51,MN 7 + 8,,zone,,,11.1,12.8,8851
305,int,51,MN 6,,zone,,,12.8,13.82,8851
306,int,51,MN 5,,zone,,,13.82,15.98,8851
307,int,51,MN 4,,zone,,,15.98,16.9,8851
308,int,51,MN 3,,zone,,,16.9,20,8851
309,int,51,MN 2,,zone,,,20,22.4,8851
310,int,51,MN 1,,zone,,,22.4,23.03,8851
1012,int,52,MP 30,,zone,,,23.03,27.82,19210
1013,int,52,MP 29,,zone,,,23.03,27.82,19210
1014,int,52,MP 28,,zone,,,23.03,27.82,19210
1015,int,52,MP 27,,zone,,,23.03,27.82,19210
1016,int,52,MP 26,,zone,,,23.03,27.82,19210
1017,int,52,MP 25,,zone,,,23.03,33.9,19210
1018,int,52,MP 24,,zone,,,27.82,33.9,19210
1019,int,52,MP 23,,zone,,,27.82,33.9,19210
1020,int,52,MP 22,,zone,,,27.82,33.9,19210
1021,int,52,MP 21,,zone,,,27.82,33.9,19210
1022,int,52,MP 20,,zone,,,33.9,37.71,19210
1023,int,52,MP 19,,zone,,,33.9,37.71,19210
1024,int,52,MP 18,,zone,,,33.9,37.71,19210
1025,int,52,MP 17B,,zone,,,33.9,37.71,19210
1026,int,52,MP 17A,,zone,,,33.9,37.71,19210
1027,int,52,MP 16,,zone,,,37.71,41.2,19210
1028,int,52,MP 15,,zone,,,41.2,47.8,19210
1029,int,52,MP 14,,zone,,,41.2,47.8,19210
1030,int,52,MP 13,,zone,,,41.2,47.8,19210
1031,int,52,MP 12,,zone,,,41.2,47.8,19210
1032,int,52,MP 11,,zone,,,41.2,47.8,19210
1033,int,52,MP 10,,zone,,,47.8,56,19210
1034,int,52,MP 8 + 9,,zone,,,47.8,56,19210
1035,int,52,MP 7,,zone,,,47.8,56,19210
1036,int,52,MP 6,,zone,,,56,59.2,19210
1037,int,52,MP 1 - 5,,zone,,,56,66,19210
1088,int,54,Tarantian,,subepoch,,,0.0117,0.129,42499
1089,int,54,Ionian,,subepoch,,,0.129,0.774,42499
1044,int,55,Pannonian,,age,,,7.246,11.63,23788
1045,int,55,Sarmatian,,age,,,11.63,12.8,23788
1046,int,55,Badenian,,age,,,12.8,13.82,23788
1038,int,60,Nihewanian,,age,,,0.0117,2.58,23736
1039,int,60,Yushean,,age,,,2.58,4.9,23736
1040,int,60,Baodean,,age,,,4.9,11.1,23736
1041,int,60,Tunggurian,,age,,,11.1,13.82,23736
1042,int,60,Shanwangian,,age,,,13.82,16.9,23736
1043,int,60,Xiejiaan,,age,,,16.9,23.03,23736
997,int,61,Tabenbulakian,,age,,,23.03,27.82,18322
998,int,61,Hsandagolian,,age,,,23.03,33.9,18322
999,int,61,Kekeamuan,,age,,,27.82,33.9,18322
1000,int,61,Houldjinian,,age,,,33.9,37.71,18322
1001,int,61,Ergilian,,age,,,33.9,37.71,18322
1002,int,61,Ulangochuian,,age,,,33.9,37.71,18322
1003,int,61,Sharamurunian,,age,,,37.71,56,18322
1004,int,61,Irdinmanhan,,age,,,37.71,56,18322
1005,int,61,Arshantan,,age,,,37.71,56,18322
1006,int,61,Bumbanian,,age,,,47.8,56,18322
1007,int,61,Gashatan,,age,,,56,59.2,18322
1206,int,70,Saintaugustinean,,age,,,0,0.0004,87714
1207,int,70,Santarosean,,age,,,0.0004,0.014,87714
237,int,70,Rancholabrean,,age,,,0.014,0.21,87714
238,int,70,Irvingtonian,,age,,,0.21,1.4,87714
219,int,70,Blancan,,age,,,1.4,4.7,87714
220,int,70,Hemphillian,,age,,,4.7,9.4,87714
221,int,70,Clarendonian,,age,,,9.4,12.5,87714
222,int,70,Barstovian,,age,,,12.5,16.3,87714
223,int,70,Hemingfordian,,age,,,16.3,18.5,87714
224,int,70,Arikareean,,age,,,18.5,29.5,87714
225,int,70,Whitneyan,,age,,,29.5,31.8,87714
226,int,70,Orellan,,age,,,31.8,33.9,87714
227,int,70,Chadronian,,age,,,33.9,37,87714
228,int,70,Duchesnean,,age,,,37,39.7,87714
229,int,70,Uintan,,age,,,39.7,46.2,87714
230,int,70,Bridgerian,,age,,,46.2,50.5,87714
231,int,70,Wasatchian,,age,,,50.5,54.9,87714
232,int,70,Clarkforkian,,age,,,54.9,56.2,87714
233,int,70,Tiffanian,,age,,,56.2,60.9,87714
234,int,70,Torrejonian,,age,,,60.9,63.8,87714
236,int,70,Puercan,,age,,,63.8,66,87714
239,int,71,Sheridanian,,subage,,,0.0117,0.21,5959
240,int,71,Cudahyan,,subage,,,0.21,1.4,5959
241,int,71,Sappan,,subage,,,0.21,1.4,5959
242,int,71,Senecan,,subage,,,1.4,4.7,5959
243,int,71,Rexroadian,,subage,,,1.4,4.7,5959
244,int,71,Late Hemphillian,,subage,,,4.7,9.4,5959
245,int,71,late Early Hemphillian,,subage,,,4.7,9.4,5959
246,int,71,early Early Hemphillian,,subage,,,4.7,9.4,5959
247,int,71,Late Clarendonian,,subage,,,9.4,12.5,5959
248,int,71,Early Clarendonian,,subage,,,9.4,12.5,5959
249,int,71,late Late Barstovian,,subage,,,12.5,16.3,5959
250,int,71,early Late Barstovian,,subage,,,12.5,16.3,5959
251,int,71,Early Barstovian,,subage,,,12.5,16.3,5959
252,int,71,Late Hemingfordian,,subage,,,16.3,18.5,5959
253,int,71,Early Hemingfordian,,subage,,,16.3,18.5,5959
254,int,71,late Late Arikareean,,subage,,,18.5,29.5,5959
255,int,71,early Late Arikareean,,subage,,,18.5,29.5,5959
256,int,71,late Early Arikareean,,subage,,,18.5,29.5,5959
257,int,71,early Early Arikareean,,subage,,,18.5,29.5,5959
285,int,71,Harrisonian,,subage,,,18.5,23.1,8850
286,int,71,Monroecreekian,,subage,,,23.1,24.7,8850
287,int,71,Geringian,,subage,,,24.7,29.5,8850
258,int,71,Late Chadronian,,subage,,,33.9,37,5959
259,int,71,Middle Chadronian,,subage,,,33.9,37,5959
260,int,71,Early Chadronian,,subage,,,33.9,37,5959
261,int,71,Late Uintan,,subage,,,39.7,46.2,5959
262,int,71,Early Uintan,,subage,,,39.7,46.2,5959
263,int,71,Twinbuttean,,subage,,,46.2,50.5,5959
264,int,71,Blacksforkian,,subage,,,46.2,50.5,5959
265,int,71,Gardnerbuttian,,subage,,,46.2,50.5,5959
266,int,71,Lostcabinian,,subage,,,50.5,54.9,5959
267,int,71,Lysitean,,subage,,,50.5,54.9,5959
268,int,71,Graybullian,,subage,,,50.5,54.9,5959
269,int,71,Sandcouleean,,subage,,,50.5,54.9,5959
270,int,71,Cf3,,zone,,,54.9,56.2,5959
271,int,71,Cf2,,zone,,,54.9,56.2,5959
272,int,71,Cf1,,zone,,,54.9,56.2,5959
273,int,71,Ti6,,zone,,,56.2,60.9,5959
274,int,71,Ti5,,zone,,,56.2,60.9,5959
275,int,71,Ti4,,zone,,,56.2,60.9,5959
276,int,71,Ti3,,zone,,,56.2,60.9,5959
277,int,71,Ti2,,zone,,,56.2,60.9,5959
278,int,71,Ti1,,zone,,,56.2,60.9,5959
279,int,71,To3,,zone,,,60.9,63.8,5959
280,int,71,To2,,zone,,,60.9,63.8,5959
281,int,71,To1,,zone,,,60.9,63.8,5959
282,int,71,Pu3,,zone,,,63.8,66,5959
283,int,71,Pu2,,zone,,,63.8,66,5959
284,int,71,Pu1,,zone,,,63.8,66,5959
718,int,80,Lujanian,,age,,,0.0117,0.3,87919
719,int,80,Ensenadan,,age,,,0.3,1.7,87919
1226,int,80,Sanandresian,,age,,,1.7,2.58,87919
1227,int,80,Vorohuean,,age,,,2.58,2.9,87919
720,int,80,Uquian,,age,,,1.7,2.9,87919
721,int,80,Chapadmalalan,,age,,,2.9,3.7,87919
722,int,80,Montehermosan,,age,,,3.7,4.9,87919
723,int,80,Huayquerian,,age,,,4.9,7.9,87919
724,int,80,Chasicoan,,age,,,7.9,9.9,87919
725,int,80,Mayoan,,age,,,9.9,10.9,87919
726,int,80,Laventan,,age,,,10.9,13.7,9569
727,int,80,Colloncuran,,age,,,13.7,15.4,9569
728,int,80,Friasian,,age,,,15.4,16.2,9569
729,int,80,Santacrucian,,age,,,16.2,17.4,9569
730,int,80,Colhuehuapian,,age,,,17.4,20.9,9569
731,int,80,Deseadan,,age,,,20.9,28.9,9569
732,int,80,Tinguirirican,,age,,,28.9,35.9,9569
733,int,80,Divisaderan,,age,,,35.9,41.9,9569
734,int,80,Mustersan,,age,,,41.9,47.9,9569
735,int,80,Casamayoran,,age,,,47.9,56,9569
736,int,80,Riochican,,age,,,56,56.9,9569
737,int,80,Itaboraian,,age,,,56.9,58.9,9569
738,int,80,Peligran,,age,,,58.9,62.4,9569
739,int,80,Tiupampan,,age,,,62.4,66,9569
744,int,100,Lancian,,age,,,66,72.1,2237
745,int,100,Edmontonian,,age,,,66,72.1,2237
746,int,100,Judithian,,age,,,72.1,83.6,2237
747,int,100,Aquilan,,age,,,72.1,83.6,2237
524,int,110,Parkinsoni,,chron,,,168.2,170.9,8933
525,int,110,Garantiana,,chron,,,168.2,170.9,8933
526,int,110,Subfurcatum,,chron,,,168.2,170.9,8933
527,int,110,Humphresianum,,chron,,,168.4,170.9,8933
528,int,110,Sauzei,,chron,,,168.2,170.9,8933
529,int,110,Laeviuscula,,chron,,,168.2,170.9,8933
530,int,110,Discites,,chron,,,168.2,170.9,8933
531,int,110,Concavum,,chron,,,170.9,174.7,8933
532,int,110,Murchisonae,,chron,,,170.9,174.7,8933
533,int,110,Opalinum,,chron,,,170.9,174.7,8933
534,int,110,Levesquei,,chron,,,174.7,182,8933
535,int,110,Thouarsense,,chron,,,174.7,180.1,8933
536,int,110,Variabilis,,chron,,,174.7,182,8933
537,int,110,Bifrons,,chron,,,174.7,182,8933
1228,int,110,Serpentinum,,chron,,,182,184.2,8933
538,int,110,Falciferum,,chron,,,182,184.2,8933
539,int,110,Tenuicostatum,,chron,,,182,184.2,8933
540,int,110,Spinatum,,chron,,,184.2,192.9,8933
541,int,110,Margaritatus,,chron,,,184.2,192.9,8933
542,int,110,Davoei,,chron,,,184.2,192.9,8933
543,int,110,Ibex,,chron,,,184.2,192.9,8933
544,int,110,Jamesoni,,chron,,,184.2,192.9,8933
545,int,110,Raricostatum,,chron,,,192.9,199.5,8933
546,int,110,Oxynotum,,chron,,,192.9,199.5,8933
547,int,110,Obtusum,,chron,,,192.9,199.5,8933
548,int,110,Turneri,,chron,,,192.9,199.5,8933
549,int,110,Semicostatum,,chron,,,192.9,199.5,8933
550,int,110,Bucklandi,,chron,,,192.9,199.5,8933
551,int,110,Angulata,,chron,,,199.5,201.4,8933
552,int,110,Liasicus,,chron,,,199.5,201.4,8933
553,int,110,Planorbis,,chron,,,199.5,201.4,8933
495,int,114,Epizigzagiceras,,chron,,,168.2,168.4,8933
496,int,114,Rotundum,,chron,,,168.4,170.9,8933
497,int,114,Oblatum,,chron,,,168.4,170.9,8933
498,int,114,Kirschneri,,chron,,,168.4,170.9,8933
499,int,114,Crassicostatus,,chron,,,168.4,170.9,8933
500,int,114,Widebayense,,chron,,,168.4,170.9,8933
501,int,114,Howelli,,chron,,,170.9,174.7,8933
502,int,114,Scissum,,chron,,,170.9,174.7,8933
503,int,114,Westermanni,,chron,,,170.9,174.7,8933
504,int,114,Yakounensis,,chron,,,174.7,179.3,8933
505,int,114,Hillebrandti,,chron,,,174.7,179.3,8933
506,int,114,Crassicosta,,chron,,,174.7,179.3,8933
507,int,114,Planulata,,chron,,,179.3,181.3,8933
508,int,114,Kanense,,chron,,,181.3,182.3,8933
509,int,114,Carlottense,,chron,,,182.3,183.5,8933
510,int,114,Kunae,,chron,,,183.5,185.1,8933
511,int,114,Freboldi,,chron,,,185.1,186.2,8933
512,int,114,Whiteavesi,,chron,,,186.2,189.2,8933
513,int,114,Imlayi,,chron,,,186.2,189.2,8933
514,int,114,Tetraspidoceras,,chron,,,186.2,190.3,8933
515,int,114,Plesechioceras harbledownense,,chron,,,190.3,196.4,8933
516,int,114,Asteroceras varians,,chron,,,190.3,196.4,8933
517,int,114,Arnioceras arnouldi,,chron,,,179.8,196.4,8933
518,int,114,Coroniceras,,chron,,,190.3,196.4,8933
519,int,114,Canadensis,,chron,,,190.3,196.5,8933
520,int,114,Pseudaetomoceras,,chron,,,196.4,196.5,8933
521,int,114,Franziceras,,chron,,,196.5,201.4,8933
522,int,114,Euphyllites,,chron,,,196.5,201.4,8933
523,int,114,Psiloceras,,chron,,,196.4,201.4,8933
904,int,130,Tatarian,,age,,,256.8,266.9,87642
852,int,130,Vyatkian,,subage,,,256.8,259.51,87642
853,int,130,Severodvinian,,subage,,,259.51,264.28,87642
854,int,130,Urzhumian,,subage,,,264.28,266.9,87642
905,int,130,Kazanian,,age,,,266.9,273.01,87642
855,int,130,Povolzhian,,subage,,,266.9,270.7,87642
856,int,130,Sokian,,subage,,,270.7,273.01,87642
148,int,130,Kungurian,,age,,,273.01,283.5,87642
857,int,130,Irenian,,subage,,,273.01,276.5,87642
147,int,130,Ufimian,,subage,,,273.01,276.5,87642
858,int,130,Filipovian,,subage,,,276.5,280.1,87642
859,int,130,Saraninian,,subage,,,280.1,283.5,87642
149,int,130,Artinskian,,age,,,283.5,290.1,87642
860,int,130,Sarginian,,subage,,,283.5,285.9,87642
861,int,130,Irginian,,subage,,,285.9,287.8,87642
862,int,130,Burtsevian,,subage,,,287.8,290.1,87642
150,int,130,Sakmarian,,age,,,290.1,293.52,87642
863,int,130,Sterlitamakian,,subage,,,290.1,291.7,87642
864,int,130,Tastubian,,subage,,,291.7,293.52,87642
151,int,130,Asselian,,age,,,293.52,298.9,87642
865,int,130,Shikhanian,,subage,,,293.52,294.8,87642
866,int,130,Uskalykian,,subage,,,294.8,297.5,87642
867,int,130,Surenian,,subage,,,297.5,298.9,87642
1222,int,132,Dorashamian,,age,,,251.902,254.14,87642
1223,int,132,Dzhulfian,,age,,,254.14,259.51,87642
1224,int,132,Midian,,age,,,259.51,266.2,87642
907,int,132,Murgabian,,age,,,266.2,273.01,87642
908,int,132,Kubergandian,,age,,,273.01,279.8,87642
909,int,132,Bolorian,,age,,,279.8,286,87642
910,int,132,Yakhtashian,,age,,,286,290.1,87642
150,int,132,Sakmarian,,age,,,290.1,293.52,87642
151,int,132,Asselian,,age,,,293.52,298.9,87642
1057,int,133,Vokhmian,,subage,,,247.2,251.902,29103
1058,int,133,Late Vyatkian,,subage,,,254.14,259.51,87642
1059,int,133,Early Vyatkian,,subage,,,254.14,259.51,87642
1060,int,133,Late Severodvinian,,subage,,,259.51,264.28,87642
1061,int,133,Early Severodvinian,,subage,,,259.51,264.28,87642
1062,int,133,Late Urzhumian,,subage,,,264.28,266.9,87642
1063,int,133,Early Urzhumian,,subage,,,264.28,266.9,87642
1064,int,133,Late Kazanian,,subage,,,266.9,273.01,87642
1065,int,133,Early Kazanian,,subage,,,266.9,273.01,87642
465,int,135,Buntsandstein,,subage,,,251.902,259.51,5954
466,int,135,Ohre,,subage,,,259.51,264.28,5954
467,int,135,Aller,,subage,,,259.51,264.28,5954
468,int,135,Leine,,subage,,,264.28,266.9,5954
47,int,136,Zechstein,,epoch,,,254.14,259.51,87642
48,int,136,Rotliegendes,,epoch,,,259.51,283.5,87642
849,int,136,Autunian,,epoch,,,283.5,298.9,87642
1225,int,138,Kathwai,,age,,,251.5,252.4,87642
913,int,138,Chhidru,,age,,,252.9,255,87642
914,int,138,Kalabagh,,age,,,255,256,87642
915,int,138,Wargal,,age,,,256,265.3,87642
916,int,138,Amb,,age,,,266.1,270.7,87642
1105,int,142,Meishanian,,age,,,251.902,253.4,87642
1106,int,142,Baoqingian,,age,,,253.4,254.14,87642
1107,int,142,Laoshanian,,age,,,254.14,257.7,87642
1108,int,142,Laibinian,,age,,,257.7,259.51,87642
917,int,142,Lengwuan,,age,,,259.51,264.28,87642
918,int,142,Kuhfengian,,age,,,264.28,273.01,87642
919,int,142,Luodianian,,age,,,273.01,285.4,87642
920,int,142,Longlinian,,age,,,285.4,293.52,87642
921,int,142,Zisongian,,age,,,293.52,300.1,87642
145,int,145,Capitanian,,age,,,259.51,264.28,87642
146,int,145,Wordian,,age,,,264.28,266.9,87642
717,int,145,Roadian,,age,,,266.9,273.01,87642
481,int,145,Leonardian,,age,,,273.01,286.1,87642
1213,int,145,Cathedralian,,subage,,,273.01,281.9,87642
1214,int,145,Hessian,,subage,,,281.9,286.1,87642
482,int,145,Wolfcampian,,age,,,286.1,298.9,87642
1215,int,145,Lenoxian,,subage,,,286.1,293.52,87642
1216,int,145,Nealian,,subage,,,293.52,298.9,87642
868,int,150,Melekhovian,,subage,,,251.902,264.9,87642
152,int,150,Noginskian,,subage,,,264.9,276.8,87642
869,int,150,Pavlovoposadian,,subage,,,276.8,287.6,87642
870,int,150,Rusavkinian,,subage,,,287.6,303.7,87642
154,int,150,Dorogomilovian,,subage,,,303.7,304.8,87642
155,int,150,Khamovnikian,,subage,,,304.8,305.8,87642
156,int,150,Krevyakinian,,subage,,,305.8,307,87642
157,int,150,Myachkovian,,subage,,,307,308.9,87642
158,int,150,Podolskian,,subage,,,308.9,311.4,87642
159,int,150,Kashirian,,subage,,,311.4,313.8,87642
160,int,150,Vereian,,subage,,,313.8,314.8,87642
161,int,150,Melekessian,,subage,,,314.8,316.9,87642
162,int,150,Cheremshanian,,subage,,,316.9,318.6,87642
873,int,150,Prikamian,,subage,,,318.6,319.9,87642
874,int,150,Severokeltmian,,subage,,,319.9,321.2,87642
875,int,150,Krasnopolyanian,,subage,,,321.2,321.9,87642
876,int,150,Voznesenian,,subage,,,321.9,323.2,87642
877,int,150,Zapaltjubian,,subage,,,323.2,324.4,87642
878,int,150,Protvian,,subage,,,324.4,326.8,87642
879,int,150,Steshevian,,subage,,,326.8,329,87642
880,int,150,Tarusian,,subage,,,329,330.9,87642
881,int,150,Venevian,,subage,,,330.9,331.9,87642
882,int,150,Mikhailovian,,subage,,,331.9,333.7,87642
883,int,150,Aleksinian,,subage,,,333.7,335.8,87642
884,int,150,Tulian,,subage,,,335.8,339.9,87642
885,int,150,Bobrikian,,subage,,,339.9,343.4,87642
886,int,150,Radaevkian,,subage,,,343.4,346.7,87642
887,int,150,Kosvian,,subage,,,346.7,350.7,87642
888,int,150,Kizelian,,subage,,,350.7,351.9,87642
889,int,150,Cherepetian,,subage,,,351.9,354.4,87642
890,int,150,Karakubian,,subage,,,354.4,356.3,87642
891,int,150,Upinian,,subage,,,356.3,357.6,87642
892,int,150,Malevkian,,subage,,,357.6,358,87642
893,int,150,Gumerovian,,subage,,,358,358.9,87642
851,int,152,Kuzel,,age,,,297.7,300.3,87642
445,int,152,Stephanian,,age,,,300.3,307.4,87642
448,int,152,Stephanian C,,subage,,,300.3,300.9,87642
449,int,152,Stephanian B,,subage,,,300.9,301.4,87642
450,int,152,Stephanian A,,subage,,,301.4,305,87642
451,int,152,Cantabrian,,subage,,,305,307.4,87642
446,int,152,Westphalian,,age,,,307.4,318.8,87642
452,int,152,Westphalian D,,subage,,,307.4,309.8,87642
453,int,152,Westphalian C,,subage,,,309.8,314.6,87642
454,int,152,Westphalian B,,subage,,,314.6,317,87642
455,int,152,Westphalian A,,subage,,,317,318.8,87642
447,int,152,Namurian,,age,,,318.8,330.9,87642
163,int,152,Yeadonian,,subage,,,318.8,320.2,87642
164,int,152,Marsdenian,,subage,,,320.2,321.5,87642
165,int,152,Kinderscoutian,,subage,,,321.5,322,87642
166,int,152,Alportian,,subage,,,322,323.1,87642
167,int,152,Chokierian,,subage,,,323.1,324,87642
168,int,152,Arnsbergian,,subage,,,324,327.4,87642
169,int,152,Pendleian,,subage,,,327.4,330.9,87642
1210,int,152,Warnantian,,age,,,330.9,336.3,87642
170,int,152,Brigantian,,subage,,,330.9,336.3,5954
1211,int,152,Livian,,age,,,336.3,340.2,87642
171,int,152,Asbian,,subage,,,336.3,340.2,5954
1212,int,152,Moliniacian,,age,,,340.2,346.7,87642
172,int,152,Holkerian,,subage,,,340.2,346.7,5954
173,int,152,Arundian,,subage,,,340.2,346.7,5954
174,int,152,Chadian,,subage,,,340.2,346.7,5954
175,int,152,Ivorian,,age,,,346.7,353.7,87642
176,int,152,Hastarian,,age,,,353.7,358.9,87642
896,int,156,Xiaodushanian,,age,,,300,305.8,87642
897,int,156,Dalaun,,age,,,305.8,318.5,87642
898,int,156,Huashibanian,,age,,,318.5,321.2,87642
899,int,156,Lousuan,,age,,,321.2,323.2,87642
900,int,156,Dewunian,,age,,,323.2,330.8,87642
901,int,156,Shangsian,,age,,,330.8,335,87642
902,int,156,Jiusian,,age,,,335,346.7,87642
903,int,156,Tangbagouan,,age,,,346.7,358.9,87642
895,int,157,Mapingian,,age,,,298.9,305.9,15443
894,int,158,Bursumian,,age,,,293.52,298.9,15443
456,int,158,Virgilian,,age,,,298.9,303.7,87642
457,int,158,Missourian,,age,,,303.7,305.9,87642
458,int,158,Desmoinesian,,age,,,305.9,312.7,87642
459,int,158,Atokan,,age,,,312.7,318.4,87642
460,int,158,Morrowan,,age,,,318.4,323.2,87642
461,int,158,Chesterian,,age,,,323.2,335.8,87642
462,int,158,Meramecian,,age,,,335.8,343.1,87642
463,int,158,Osagean,,age,,,343.1,351.9,87642
464,int,158,Kinderhookian,,age,,,351.9,358.9,87642
177,int,160,Famennian,,age,,,358.9,372.2,
178,int,160,Frasnian,,age,,,372.2,382.7,
179,int,160,Givetian,,age,,,382.7,387.7,
413,int,160,Couvinien,,age,,,387.7,408.2,5954
414,int,160,Coblencien,,age,,,408.2,410.8,5954
415,int,160,Gedinnine,,age,,,410.8,419.2,5954
416,int,161,Wocklum,,age,,,358.9,372.2,5954
417,int,161,Dasberg,,age,,,358.9,372.2,5954
418,int,161,Hemberg,,age,,,358.9,372.2,5954
419,int,161,Nehden,,age,,,358.9,372.2,5954
420,int,161,Adorf,,age,,,372.2,382.7,5954
179,int,161,Givetian,,age,,,382.7,387.7,
180,int,161,Eifelian,,age,,,387.7,393.3,
181,int,161,Emsian,,age,,,393.3,407.6,
424,int,161,Siegen,,age,,,407.6,410.8,5954
415,int,161,Gedinnine,,age,,,410.8,419.2,
426,int,162,Srbsko,,age,,,382.7,387.7,5954
427,int,162,Chotec,,age,,,387.7,393.3,5954
428,int,162,Daleje,,age,,,393.3,407.6,5954
429,int,162,Zlichovian,,age,,,393.3,407.6,5954
182,int,162,Pragian,,age,,,407.6,410.8,
183,int,162,Lochkovian,,age,,,410.8,419.2,
432,int,167,Conewangan,,age,,,358.9,372.2,15443
433,int,167,Conneautan,,age,,,358.9,372.2,15443
434,int,167,Canadaway,,age,,,358.9,372.2,15443
435,int,167,West Fallsian,,age,,,372.2,382.7,15443
436,int,167,Sonyean,,age,,,372.2,382.7,15443
437,int,167,Geneseean,,age,,,382.7,387.7,5954
438,int,167,Taghanican,,age,,,382.7,387.7,5954
439,int,167,Tioughniogan,,age,,,382.7,387.7,5954
440,int,167,Cazenovian,,age,,,382.7,393.3,5954
441,int,167,Southwoodian,,age,,,387.7,393.3,5954
442,int,167,Sawkillian,,age,,,393.3,407.6,5954
443,int,167,Deer Parkian,,age,,,393.3,407.6,5954
444,int,167,Helderbergian,,age,,,393.3,419.2,5954
839,int,170,Ohesaare,,age,,,419.2,421.7,87642
840,int,170,Kaugetuma,,age,,,421.7,423,87642
841,int,170,Kuressaare,,age,,,423,423.4,87642
842,int,170,Paadla,,age,,,423.4,427.4,87642
843,int,170,Rootsikula,,age,,,427.4,429.2,87642
844,int,170,Jaagarahu,,age,,,429.2,431.8,87642
845,int,170,Jaani,,age,,,431.8,434,87642
846,int,170,Adavere,,age,,,434,439.4,87642
847,int,170,Raikkula,,age,,,439.4,441.4,87642
848,int,170,Juuru,,age,,,441.4,443.8,87642
186,int,171,Gleedonian,,age,,,427.4,429.7,5954
187,int,171,Whitwellian,,age,,,429.7,430.5,5954
367,int,172,Red Downtonian,,age,,,419.2,423,5954
368,int,172,Temeside Shales,,age,,,419.2,423,5954
369,int,172,Downton Castle,,age,,,419.2,423,5954
370,int,172,Whitcliffe,,age,,,419.2,421.3,5954
371,int,172,Leintwardine,,age,,,419.2,421.3,5954
372,int,172,Bringewood,,age,,,421.3,423,5954
373,int,172,Elton,,age,,,421.3,423,5954
376,int,172,Coalbrookdale,,age,,,423,428.4,5954
374,int,172,Wenlock (England),,age,,,423,425.6,5954
375,int,172,Tickwood,,age,,,423,425.6,5954
377,int,172,Buildwas,,age,,,426.4,428.4,5954
379,int,172,Wych,,age,,,428.4,439.3,5954
378,int,172,Woolhope,,age,,,428.4,436.3,5954
380,int,172,Cowleigh Park,,age,,,439.3,443.8,5954
394,int,175,Cayugan,,age,,,419.2,422.5,15443
1090,int,175,Niagaran,,age,,,422.5,440.1,15443
395,int,175,Lockportian,,age,,,427.4,430.5,15443
397,int,175,Ontarian,,age,,,433.4,440.1,15443
398,int,175,Alexandrian,,age,,,438.7,443.8,15443
1094,int,175,Medinan,,age,,,440.1,443.8,15443
1093,int,175,Clinton,,age,,,440.1,440.7,15443
63,int,178,Ashgill,,epoch,,,443.8,449.6,87642
192,int,178,Hirnantian,,age,,,443.8,445.2,87642
193,int,178,Rawtheyan,,age,,,445.2,448.9,87642
194,int,178,Cautleyan,,age,,,448.9,449.3,87642
195,int,178,Pusgillian,,age,,,449.3,449.6,87642
64,int,178,Caradoc,,epoch,,,449.6,458.4,87642
577,int,178,Streffordian,,age,,,449.6,451.5,87642
578,int,178,Cheneyan,,age,,,451.5,452.7,87642
579,int,178,Burrellian,,age,,,452.7,456.8,87642
580,int,178,Aurelucian,,age,,,456.8,458.4,87642
196,int,178,Onnian,,age,,,449.6,453.2,5954
197,int,178,Actonian,,age,,,453.2,454.2,5954
198,int,178,Marshbrookian,,age,,,454.2,455.2,5954
199,int,178,Longvillian,,age,,,455.2,457.4,5954
588,int,178,Woolstonian,,age,,,454.2,457.4,8960
200,int,178,Soudleyan,,age,,,457.4,458.4,5954
201,int,178,Harnagian,,age,,,457.4,458.4,5954
202,int,178,Costonian,,age,,,457.4,458.4,5954
66,int,178,Llanvirn,,epoch,,,458.4,468.4,87642
581,int,178,Llandeilian,,age,,,458.4,461.3,87642
65,int,178,Llandeilo,,age,,,458.4,461.3,87642
203,int,178,Late Llandeilo,,age,,,458.4,461.3,87642
204,int,178,Middle Llandeilo,,age,,,458.4,461.3,87642
205,int,178,Early Llandeilo,,age,,,458.4,461.3,87642
206,int,178,Late Llanvirn,,age,,,458.4,461.3,87642
582,int,178,Abereiddian,,age,,,461.3,468.4,87642
207,int,178,Early Llanvirn,,age,,,461.3,468.4,87642
67,int,178,Arenig,,epoch,,,468.4,477.7,87642
583,int,178,Fennian,,age,,,468.4,471.1,87642
584,int,178,Whitlandian,,age,,,471.1,474.3,87642
585,int,178,Moridunian,,age,,,474.3,477.7,87642
68,int,178,Tremadoc,,epoch,,,477.7,485,87642
586,int,178,Migneintian,,age,,,477.7,480.8,87642
587,int,178,Cressagian,,age,,,480.8,485,87642
574,int,180,Harju,,epoch,,,443.8,450.6,87642
336,int,180,Porkuni,,age,,,443.8,445.2,87642
337,int,180,Pirgu,,age,,,445.2,449.6,87642
338,int,180,Vormsi,,age,,,449.6,450,87642
339,int,180,Nabala,,age,,,450,450.6,87642
575,int,180,Viru,,epoch,,,450.6,462.9,87642
340,int,180,Rakvere,,age,,,450.6,452,87642
341,int,180,Oandu,,age,,,452,453,87642
342,int,180,Keila,,age,,,453,453.9,87642
627,int,180,Haljala,,age,,,453.9,456.4,87642
345,int,180,Kukruse,,age,,,456.4,457.5,87642
346,int,180,Uhaku,,age,,,457.5,458.9,87642
347,int,180,Lasnamagi,,age,,,458.9,460.4,87642
348,int,180,Aseri,,age,,,460.4,462.9,87642
576,int,180,Oeland,,epoch,,,462.9,486.5,87642
349,int,180,Kunda,,age,,,462.9,467.1,87642
350,int,180,Volkhov,,age,,,467.1,469.3,87642
636,int,180,Billingen,,age,,,469.3,473.7,87642
637,int,180,Hunneberg,,age,,,473.7,481.3,87642
628,int,180,Varangu,,age,,,481.3,482.2,87642
629,int,180,Pakerort,,age,,,482.2,486.3,87642
343,int,180,Johvi,,age,,,450,453,5954
344,int,180,Idavere,,age,,,453,457.5,5954
630,int,180,Aluoja,,age,,,457.5,464.3,8960
631,int,180,Valaste,,age,,,464.3,470.1,8960
632,int,180,Hunderum,,age,,,464.3,470.1,8960
633,int,180,Langevoja,,age,,,467.1,470.1,8960
634,int,180,Vaana,,age,,,467.1,470.1,8960
635,int,180,Saka,,age,,,467.1,470.1,8960
351,int,180,Latorp,,age,,,470.1,485.4,5954
592,int,182,Kosovian,,age,,,443.8,445.2,87642
593,int,182,Kralodvorian,,age,,,445.2,449.7,87642
594,int,182,Berounian,,age,,,449.7,458.5,87642
590,int,182,Dobrotivian,,age,,,458.5,459.7,87642
591,int,182,Oretanian,,age,,,459.7,468,87642
596,int,182,Arenigian,,age,,,468,477.7,87642
559,int,182,Tremadocian,,age,,,477.7,485.4,87642
328,int,182,Bohdalec,,age,,,445.2,458,5954
329,int,182,Zahorany,,age,,,456.2,458,5954
330,int,182,Vinice,,age,,,456.2,458,5954
331,int,182,Letna,,age,,,456.2,461.7,5954
332,int,182,Liben,,age,,,458,461.7,5954
334,int,182,Sarka,,age,,,461.7,467.3,5954
335,int,182,Klabava,,age,,,467.3,477.7,5954
597,int,185,Bolindian,,age,,,443.8,449,87642
598,int,185,Eastonian,,age,,,449,452,87642
599,int,185,Gisbornian,,age,,,452,458.4,87642
556,int,185,Darriwilian,,age,,,458.4,467.3,87642
600,int,185,Yapeenian,,age,,,467.3,468.5,87642
601,int,185,Castlemainian,,age,,,468.5,470,87642
602,int,185,Chewtonian,,age,,,470,471.8,87642
603,int,185,Bendigonian,,age,,,471.8,473.5,87642
604,int,185,Lancefieldian,,age,,,473.5,482.8,87642
605,int,185,Warendian,,age,,,482.8,485.4,87642
192,int,186,Hirnantian,,age,,,443.8,445.2,87642
621,int,186,Chientangkiangian,,age,,,445.2,449.5,87642
622,int,186,Neichianshanian,,age,,,449.5,458.4,87642
556,int,186,Darriwilian,,age,,,458.4,467.3,87642
1079,int,186,Dapingian,,age,,,467.3,470,87642
624,int,186,Yiyangian,,age,,,470,477.7,87642
625,int,186,Xinchangian,,age,,,477.7,485.4,87642
611,int,186,Xiaoxita,,age,,,443.8,458.4,8960
616,int,186,Shikou,,age,,,443.8,458.4,8960
610,int,186,Wufeng,,age,,,443.8,449.5,8960
617,int,186,Hanjiang,,age,,,449.5,458.4,8960
612,int,186,Guniu,,age,,,458.4,466.3,8960
618,int,186,Hulo,,age,,,458.4,466.3,8960
620,int,186,Hunjiang,,age,,,466.3,485.4,8960
613,int,186,Dawan,,age,,,466.3,477.9,8960
614,int,186,Daobaowan,,age,,,466.3,477.9,8960
619,int,186,Ningkuo,,age,,,466.3,477.9,8960
615,int,186,Lianghekou,,age,,,477.9,485.4,8960
560,int,188,Cincinnatian,,epoch,,,443.8,451.1,87642
564,int,188,Gamachian,,age,,,443.8,446,87642
565,int,188,Richmondian,,age,,,446,449.8,87642
566,int,188,Maysvillian,,age,,,449.8,450.4,87642
356,int,188,Edenian,,age,,,450.4,451.1,87642
561,int,188,Mohawkian,,epoch,,,451.1,457,87642
567,int,188,Chatfieldian,,age,,,451.1,453.7,87642
568,int,188,Turinian,,age,,,453.7,457,87642
562,int,188,Whiterockian,,epoch,,,457,470,87642
569,int,188,Rangerian,,age,,,469.1,470,87642
563,int,188,Ibexian,,epoch,,,470,487.5,87642
570,int,188,Blackhillsian,,age,,,470,473.9,87642
571,int,188,Tulean,,age,,,473.9,480.3,87642
572,int,188,Stairsian,,age,,,480.3,482,87642
573,int,188,Skullrockian,,age,,,482,487.5,87642
644,int,188,Rocklandian,,age,,,449.8,457,9006
646,int,188,Shermanian,,age,,,449.8,457,9006
558,int,188,Ashbyan,,age,,,449.8,457,9006
643,int,188,Kirkfieldian,,age,,,449.8,457,9006
647,int,188,Blackriveran,,age,,,449.8,457,9006
557,int,188,Wildernessian,,age,,,449.8,457,9006
554,int,188,Trentonian,,age,,,449.8,457,9006
642,int,188,Franklinian,,age,,,449.8,457,9006
645,int,188,Canadian,,age,,,457,485.4,9006
648,int,188,Chazyan,,age,,,457,470,9006
649,int,188,Marmor,,age,,,457,470,9006
650,int,188,Jeffersonian,,age,,,470,485.4,9006
363,int,188,Cassinian,,age,,,470,482,5954
651,int,188,Demingian,,age,,,482,485.4,9006
366,int,188,Gasconadian,,age,,,477.7,485.4,5954
1085,int,190,Niuchehean,,age,,,485.4,489.5,87642
1113,int,190,Jiangshanian,,age,,,489.5,494,87642
1086,int,190,Paibian,,age,,,494,497,87642
1087,int,190,Guzhangian,,age,,,497,500.5,87642
1116,int,190,Drumian,,age,,,500.5,504.5,87642
1205,int,190,Wuliuan,,age,,,504.5,509,87642
815,int,190,Duyunian,,age,,,509,514,87642
816,int,190,Nangaoian,,age,,,514,521,87642
817,int,190,Meishucunian,,age,,,521,530.7,87642
818,int,190,Jinnigian,,age,,,530.7,538.8,87642
810,int,190,Taoyuanian,,age,,,485.4,494.9,15443
811,int,190,Waergangian,,age,,,494.9,497,15443
812,int,190,Youshuanian,,age,,,494.9,497,15443
813,int,190,Wangcunian,,age,,,497,504.5,15443
814,int,190,Taijangian,,age,,,504.5,509,15443
800,int,192,Datsonian,,age,,,485.4,486.8,87642
801,int,192,Payntonian,,age,,,486.8,489.5,87642
802,int,192,Iverian,,age,,,489.5,494,87642
803,int,192,Idamean,,age,,,494,497,87642
804,int,192,Mindyallan,,age,,,497,499,87642
805,int,192,Boomerangian,,age,,,499,500.5,87642
806,int,192,Undillan,,age,,,500.5,503,87642
807,int,192,Floran,,age,,,503,504.5,87642
808,int,192,Templetonian,,age,,,504.5,507.8,87642
809,int,192,Ordian,,age,,,507.8,510.8,87642
829,int,194,Batyrbaian,,age,,,485.4,490.7,87642
830,int,194,Aksaian,,age,,,490.7,492.2,87642
831,int,194,Sakian,,age,,,492.2,497,87642
832,int,194,Ayusokkanian,,age,,,497,499.5,87642
797,int,194,Mayan,,age,,,499.5,504.5,87642
210,int,194,Menevian,,age,,,499.5,504.5,5954
798,int,194,Amgan,,age,,,504.5,510,87642
211,int,194,Solvan,,age,,,504.5,510,5954
749,int,194,Toyonian,,age,,,510,512.5,87642
750,int,194,Botomian,,age,,,512.5,515.6,87642
212,int,194,Lenian,,age,,,510,515.6,5954
213,int,194,Atdabanian,,age,,,515.6,521,87642
214,int,194,Tommotian,,age,,,521,525.5,87642
799,int,194,Nemakit-Daldynian,,age,,,525.5,538.8,87642
748,int,194,Manykaian,,,,,529,538.8,10010
790,int,194,Mansian,,age,,,483.55,485.4,15443
795,int,194,Tavgian,,age,,,485.4,497,15443
791,int,194,Ketyan,,age,,,485.4,494.7,15443
792,int,194,Yurakian,,age,,,485.4,494.7,15443
793,int,194,Ensyan,,age,,,494.7,497,15443
794,int,194,Maduan,,age,,,494.7,497,15443
796,int,194,Nganasanian,,age,,,494.7,497,15443
828,int,195,Ungurian,,age,,,477.7,485.4,87642
829,int,195,Batyrbaian,,age,,,485.4,490.7,87642
830,int,195,Aksaian,,age,,,490.7,492.2,87642
831,int,195,Sakian,,age,,,492.2,497,87642
832,int,195,Ayusokkanian,,age,,,497,499.5,87642
833,int,195,Zhanaarykian,,age,,,500.5,503,87642
834,int,195,Tuesaian,,age,,,503,505.3,87642
749,int,195,Toyonian,,age,,,510,512.5,87642
750,int,195,Botomian,,age,,,512.5,515.6,87642
213,int,195,Atdabanian,,age,,,515.6,521,87642
214,int,195,Tommotian,,age,,,521,525.5,87642
822,int,196,Sunwaptan,,age,,,487.5,493,87642
823,int,196,Steptoean,,age,,,493,497,87642
824,int,196,Marjumian,,age,,,497,504.5,87642
1209,int,196,Topazan,,age,,,504.5,506.5,87642
825,int,196,Delamaran,,age,,,506.5,511,87642
826,int,196,Dyeran,,age,,,511,514.8,87642
827,int,196,Montezuman,,age,,,514.8,519.9,87642
821,int,196,Begadean,,age,,,519.9,538.8,87642
322,int,196,Franconian,,age,,,485.4,497,5954
323,int,196,Dresbachian,,age,,,485.4,497,5954
819,int,196,Millardan,,age,,,485.4,497,15443
324,int,196,Albertian,,age,,,497,509,5954
325,int,196,Waucoban,,age,,,509,538.8,5954
836,int,197,Arcadian,,age,,,498.4,509,87642
837,int,197,Branchian,,age,,,509,517.1,87642
838,int,197,Placentian,,age,,,517.1,538.8,87642
69,int,198,Merioneth,,,,,485.4,497,5954
208,int,198,Dolgellian,,age,,,485.4,489.2,5954
321,int,198,Trempealeauan,,age,,,485.4,489.2,5954
312,int,198,Festiniogian,,,,,489.2,493.1,5954
209,int,198,Maentwrogian,,age,,,493.1,497,5954
70,int,198,St Davids,,,,,497,509,5954
71,int,198,Caerfai,,,,,509,538.8,5954
23,int,200,Vendian,,age,,,538.8,635,5954
74,int,200,Karatau,,age,,,800,1100,5954
75,int,200,Yurmatian,,age,,,1100,1375,5954
76,int,200,Burzyan,,age,,,1375,1400,5954
23,int,210,Vendian,,age,,,538.8,635,5954
215,int,210,Poundian,,age,,,538.8,571.7,5954
216,int,210,Wonokan,,age,,,571.7,635,5954
925,int,250,Wanganui,,epoch,,,0,5.333,87917
943,int,250,Haweran,,age,,,0,0.34,87917
944,int,250,Castlecliffian,,age,,,0.34,1.63,87917
945,int,250,Nukumaruan,,age,,,1.63,2.4,87917
946,int,250,Mangapanian,,age,,,2.4,3,87917
947,int,250,Waipipian,,age,,,3,3.7,87917
948,int,250,Opoitian,,age,,,3.7,5.333,87917
926,int,250,Taranaki,,epoch,,,5.333,11.04,87917
949,int,250,Kapitean,,age,,,5.333,7.2,87917
950,int,250,Tongaporutuan,,age,,,7.2,11.04,87917
927,int,250,Southland,,epoch,,,11.04,15.9,87917
951,int,250,Waiauan,,age,,,11.04,13.05,87917
952,int,250,Lillburnian,,age,,,13.05,15.1,87917
953,int,250,Clifdenian,,age,,,15.1,15.9,87917
928,int,250,Pareora,,epoch,,,15.9,21.7,87917
954,int,250,Altonian,,age,,,15.9,18.7,87917
955,int,250,Otaian,,age,,,18.7,21.7,87917
929,int,250,Landon,,epoch,,,21.7,34.6,87917
956,int,250,Waitakian,,age,,,21.7,25.2,87917
957,int,250,Duntroonian,,age,,,25.2,27.3,87917
958,int,250,Whaingaroan,,age,,,27.3,34.6,87917
930,int,250,Arnold,,epoch,,,34.6,42.6,87917
959,int,250,Runangan,,age,,,34.6,36.7,87917
960,int,250,Kaiatan,,age,,,36.7,39.1,87917
961,int,250,Bortonian,,age,,,39.1,42.6,87917
931,int,250,Dannevirke,,epoch,,,42.6,66,87917
962,int,250,Porangan,,age,,,42.6,45.7,87917
963,int,250,Heretaungan,,age,,,45.7,48.9,87917
964,int,250,Mangaorapan,,age,,,48.9,52,87917
965,int,250,Waipawan,,age,,,52,56,87917
966,int,250,Teurian,,age,,,56,66,87917
932,int,250,Mata,,epoch,,,66,86.1,87917
967,int,250,Haumurian,,age,,,66,83.6,87917
968,int,250,Piripauan,,age,,,83.6,86.1,87917
933,int,250,Raukumara,,epoch,,,86.1,95.2,87917
969,int,250,Teratan,,age,,,86.1,90.5,87917
970,int,250,Mangaotanean,,age,,,90.5,93.7,87917
971,int,250,Arowhanan,,age,,,93.7,95.2,87917
934,int,250,Clarence,,epoch,,,95.2,108.4,87917
972,int,250,Ngaterian,,age,,,95.2,99.5,87917
973,int,250,Motuan,,age,,,99.5,103.3,87917
974,int,250,Urutawan,,age,,,103.3,108.4,87917
935,int,250,Taitai,,epoch,,,108.4,145,87917
975,int,250,Korangan,,age,,,108.4,117.5,87917
936,int,251,Oteke,,epoch,,,145,150,87917
976,int,251,Puaroan,,age,,,145,150,87917
937,int,251,Kawhia,,epoch,,,150,176,87917
977,int,251,Ohauan,,age,,,150,154.5,87917
978,int,251,Heterian,,age,,,154.5,164.3,87917
979,int,251,Temaikan,,age,,,164.3,176,87917
938,int,251,Herangi,,epoch,,,176,201.4,87917
980,int,251,Ururoan,,age,,,176,188.9,87917
981,int,251,Aratauran,,age,,,188.9,201.4,87917
939,int,251,Balfour,,epoch,,,201.4,227.5,87917
982,int,251,Otapirian,,age,,,201.4,208.5,87917
983,int,251,Warepan,,age,,,208.5,217,87917
984,int,251,Otamitan,,age,,,217,221,87917
985,int,251,Oretian,,age,,,221,227.5,87917
940,int,251,Gore,,epoch,,,227.5,251.5,87917
986,int,251,Kaihikuan,,age,,,227.5,238,87917
987,int,251,Etalian,,age,,,238,246,87917
988,int,251,Malakovian,,age,,,246,249,87917
989,int,251,Nelsonian,,age,,,249,251.5,87917
941,int,251,DUrville,,epoch,,,251.5,259.51,87917
990,int,251,Makarewan,,age,,,251.5,253.2,87917
991,int,251,Waiitian,,age,,,253.2,254.2,87917
992,int,251,Puruhauan,,age,,,254.2,259.51,87917
942,int,251,Aparima,,epoch,,,259.51,288.5,87917
993,int,251,Flettian,,age,,,259.51,266,87917
994,int,251,Barettian,,age,,,266,276,87917
995,int,251,Mangapirian,,age,,,276,285,87917
996,int,251,Telfordian,,age,,,285,288.5,87917
